{
  "project_info": {
    "project_number": "815652144800",
    "project_id": "cs360kghadiri",
    "storage_bucket": "cs360kghadiri.appspot.com"
  },
  "client": [
    {
      "client_info": {
        "mobilesdk_app_id": "1:815652144800:android:8656b38898ce5dc3ae6bc5",
        "android_client_info": {
          "package_name": "com.example.module3kayvonghadiri"
        }
      },
      "oauth_client": [
        {
          "client_id": "815652144800-6a54lv62ba99ck4c6c7na0jvfndp6khi.apps.googleusercontent.com",
          "client_type": 3
        }
      ],
      "api_key": [
        {
          "current_key": "AIzaSyBsFvxqpm5r6PP3IFqG9E1knznvu1YtnYQ"
        }
      ],
      "services": {
        "appinvite_service": {
          "other_platform_oauth_client": [
            {
              "client_id": "815652144800-6a54lv62ba99ck4c6c7na0jvfndp6khi.apps.googleusercontent.com",
              "client_type": 3
            }
          ]
        }
      }
    }
  ],
  "configuration_version": "1"
}